plant,scan,soil,stem,leaf_max,leaf_id
Maize01,M01_0313_a,4.1281,51.27904,27.406440000000003,2
Maize01,M01_0315_a,4.3064,90.35879,22.389559999999996,2
Maize01,M01_0317_a,4.4482,150.60622500000002,58.82403000000001,3
Maize01,M01_0319_a,4.6853,214.645885,53.63992499999999,3
Maize01,M01_0321_a,5.1497,217.5306,41.14712,3
Maize01,M01_0324_a,4.938294999999999,316.43855,118.87074000000001,4
Maize01,M01_0325_a,4.83187,303.29141999999996,106.17251999999999,4
Maize02,M02_0313_a,3.1041999999999996,23.847715,77.83846999999999,2
Maize02,M02_0315_a,4.0258,19.657220000000006,96.66622999999998,2
Maize02,M02_0317_a,4.0508500000000005,19.041200000000003,150.61263499999998,2
Maize02,M02_0319_a,4.5647,15.665300000000002,218.3829399999999,2
Maize02,M02_0321_a,4.4199,15.050060000000002,274.924625,2
Maize02,M02_0324_a,4.563905,6.9201000000000015,276.48334,2
Maize02,M02_0325_a,4.144469999999998,10.0211,293.83891,2
Maize03,M03_0313_a,2.7573799999999813,40.68117499999999,0.0,-1
Maize03,M03_0315_a,3.8016000000000005,82.97128,23.8756,2
Maize03,M03_0317_a,3.5585549999999984,133.80823,22.315470000000005,2
Maize03,M03_0319_a,4.0617,198.13342,77.53466,3
Maize03,M03_0321_a,4.249,14.303545,223.27349,3
Maize03,M03_0324_a,4.3063,13.110174999999998,338.76382,4
Maize03,M03_0325_a,6.017709999999999,307.11467000000005,118.24108999999999,4
Maize04,M04_0313_a,6.8379,42.6451,0.0,-1
Maize04,M04_0315_a,6.6836,88.576055,29.05539999999999,2
Maize04,M04_0317_a,6.80458999999999,137.52258,28.708245000000005,2
Maize04,M04_0319_a,7.084144999999996,229.75601,63.56017999999999,3
Maize04,M04_0321_a,7.567254999999999,274.70753,65.18334,3
Maize04,M04_0324_a,6.807875,366.68767999999994,179.368505,4
Maize04,M04_0325_a,6.805309999999998,316.0847,175.61549000000002,4
Maize05,M05_0313_a,2.6144999999999996,25.464570000000002,0.0,-1
Maize05,M05_0315_a,2.0611,49.686675,18.81523,2
Maize05,M05_0317_a,2.7011,77.06909,19.534839999999996,2
Maize05,M05_0319_a,3.5549,122.40716,41.42975999999999,3
Maize05,M05_0321_a,3.692369999999995,123.40039999999999,35.73069999999999,3
Maize05,M05_0324_a,2.7044000000000006,231.22853999999998,51.82912,4
Maize05,M05_0325_a,3.7204799999999993,250.80420999999996,51.148595,4
Maize06,M06_0313_a,3.8723,26.148164999999977,0.0,-1
Maize06,M06_0315_a,4.15271499999999,69.87162,14.327265,2
Maize06,M06_0317_a,4.674439999999996,125.85694499999998,17.70655,2
Maize06,M06_0319_a,5.085699999999999,217.23031999999998,42.46528999999998,3
Maize06,M06_0321_a,4.915925,230.91985499999996,43.92113499999999,3
Maize06,M06_0324_a,4.843805,355.71527,46.332719999999995,3
Maize06,M06_0325_a,5.106259999999997,340.57722,45.03917999999999,3
Maize07,M07_0313_a,4.0275,70.7853,27.88939,2
Maize07,M07_0315_a,4.428999999999999,112.97443,25.19075,2
Maize07,M07_0317_a,4.446759999999998,171.28961999999999,65.72976,3
Maize07,M07_0319_a,4.7827399999999995,235.73466,60.54039999999998,3
Maize07,M07_0321_a,5.3633,223.25072499999996,73.11519000000001,3
Maize07,M07_0324_a,4.8029,367.236915,113.08552,4
Maize07,M07_0325_a,4.826755,378.97979999999995,103.28183999999996,4
Tomato01,T01_0305_a,5.3498,22.72416,2.2099800000000016,2
Tomato01,T01_0307_a,4.59962,23.19515,6.262720000000002,2
Tomato01,T01_0309_a,4.683800000000001,27.101315,9.651885,2
Tomato01,T01_0311_a,4.9511,29.76925,7.878254999999999,8
Tomato01,T01_0313_a,4.6639,31.45111,21.742859999999997,4
Tomato01,T01_0315_a,4.517900000000001,36.9148,14.877125,5
Tomato01,T01_0317_a,4.8871,65.38038999999999,18.428449999999998,7
Tomato01,T01_0319_a,5.899509999999998,82.66286,25.474479999999996,7
Tomato01,T01_0321_a,4.7798,110.55119499999999,33.75571999999998,12
Tomato01,T01_0324_a,5.8357550000000025,134.09679000000003,37.581300000000006,12
Tomato01,T01_0325_a,5.2838,135.36751999999996,41.92855,12
Tomato02,T02_0305_a,2.6090300000000046,12.378125,1.8925799999999988,3
Tomato02,T02_0307_a,2.5594,14.365779999999999,4.048599999999999,3
Tomato02,T02_0309_a,2.3757,17.43771,7.185269999999999,3
Tomato02,T02_0311_a,2.4379999999999997,21.173449999999995,8.458370000000002,3
Tomato02,T02_0313_a,2.0327,35.53045,9.975000000000001,4
Tomato02,T02_0315_a,2.2364249999999997,38.07425,13.202199999999998,4
Tomato02,T02_0317_a,2.4688,44.82487,16.493435,4
Tomato02,T02_0319_a,2.679009999999999,51.35466999999999,26.956874999999997,3
Tomato02,T02_0321_a,2.8335000000000004,39.730920000000005,33.9791,12
Tomato02,T02_0324_a,3.025624999999994,61.305719999999994,32.72022,7
Tomato02,T02_0325_a,71.60289999999999,2.193919999999997,34.999175,12
Tomato03,T03_0305_a,3.7331,28.6377,6.7079249999999995,2
Tomato03,T03_0307_a,3.8069,31.389009999999995,6.467075000000001,3
Tomato03,T03_0309_a,3.9776750000000005,31.18325,9.13819999999999,2
Tomato03,T03_0311_a,4.2793,36.508415,11.684164999999993,2
Tomato03,T03_0313_a,3.7236000000000002,36.80173999999998,16.22927,3
Tomato03,T03_0315_a,4.263400000000001,50.34015999999999,18.263465000000004,2
Tomato03,T03_0317_a,4.249325,54.956559999999996,22.859700000000004,5
Tomato03,T03_0319_a,4.954759999999999,65.42068499999999,28.759019999999992,5
Tomato03,T03_0321_a,4.83211,62.80274,37.94670499999999,6
Tomato03,T03_0324_a,4.5953,89.78972,40.873485,12
Tomato03,T03_0325_a,5.322219999999993,91.65795,49.67191,12
Tomato04,T04_0305_a,4.784989999999991,15.113599999999998,5.518620000000002,2
Tomato04,T04_0307_a,6.4596,18.4524,10.699459999999998,2
Tomato04,T04_0309_a,6.326700000000001,18.072084999999998,9.3142,2
Tomato04,T04_0311_a,5.661679999999982,23.00865,12.294075000000001,3
Tomato04,T04_0313_a,5.3394,28.133789999999998,17.858649999999994,4
Tomato04,T04_0315_a,5.961679999999981,35.82143,15.30857,4
Tomato04,T04_0317_a,5.967939999999979,49.253359999999994,19.601385,4
Tomato04,T04_0319_a,8.02035,59.759375000000006,25.978875000000002,4
Tomato04,T04_0321_a,7.350350000000001,65.55256,35.56545499999999,7
Tomato04,T04_0324_a,6.098959999999998,75.35564500000001,36.95995,4
Tomato04,T04_0325_a,7.912859999999998,75.45955000000001,31.904269999999997,13
Tomato05,T05_0305_a,2.6319,23.6822,2.26117,3
Tomato05,T05_0307_a,2.4153249999999997,27.16248,5.273439999999997,3
Tomato05,T05_0309_a,2.5600999999999994,29.561059999999994,10.576880000000001,2
Tomato05,T05_0311_a,2.264,31.604975,12.243959999999994,4
Tomato05,T05_0313_a,2.7971349999999857,40.95895,24.88152,4
Tomato05,T05_0315_a,2.6405000000000003,56.59492,25.336425000000006,4
Tomato05,T05_0317_a,2.35135,68.56959499999999,29.27214,4
Tomato05,T05_0319_a,2.9904,80.94753,29.43027,4
Tomato05,T05_0321_a,3.5458000000000003,87.02125000000001,38.26538,4
Tomato05,T05_0324_a,7.059719999999996,103.93180000000001,41.200500000000005,14
Tomato05,T05_0325_a,4.222275,98.10213999999996,46.83613,14
Tomato06,T06_0305_a,6.6479,17.3538,2.754825000000004,2
Tomato06,T06_0307_a,6.7958,20.0206,8.815774999999999,2
Tomato06,T06_0309_a,6.9652,19.52124,13.25385,3
Tomato06,T06_0311_a,5.930199999999999,24.45553,13.337644999999998,3
Tomato06,T06_0313_a,5.5613,28.174950000000003,17.939165,3
Tomato06,T06_0315_a,6.1985,37.66061999999999,13.563714999999995,5
Tomato06,T06_0317_a,7.380825,45.402795,24.886824999999998,5
Tomato06,T06_0319_a,7.431744999999999,51.693299999999994,29.82629500000001,5
Tomato06,T06_0321_a,8.4223,66.13830999999998,31.211635000000005,6
Tomato06,T06_0324_a,8.324335,112.69111499999998,36.426204999999996,17
Tomato06,T06_0325_a,5.520379999999999,83.96041999999998,44.70466,5
Tomato07,T07_0305_a,3.2037,21.547349999999998,1.9423999999999992,2
Tomato07,T07_0307_a,3.9023999999999996,22.606915,7.415950000000002,2
Tomato07,T07_0309_a,3.5716,29.08974,9.501470000000001,3
Tomato07,T07_0311_a,3.878,33.680699999999995,13.573440000000002,4
Tomato07,T07_0313_a,2.9161999999999995,43.7276,20.320879999999995,4
Tomato07,T07_0315_a,3.6962000000000006,59.101099999999995,30.258375,5
Tomato07,T07_0317_a,4.610119999999995,67.307375,35.20739999999999,5
Tomato07,T07_0319_a,4.3623,72.854525,37.87587499999999,5
Tomato07,T07_0321_a,4.1041,98.4563,41.50926,5
Tomato07,T07_0324_a,4.981989999999996,137.395545,48.00349999999999,12
Tomato07,T07_0325_a,3.4298200000000003,120.86127499999999,50.8419,12
