sp,r,scan,pts,err,enrich
maize,1,M01_0313_a,0.004998816086806575,0.4573505887805194,91.49178142152687
maize,1,M01_0315_a,0.001003413603860607,0.14480266032500982,144.31004300508332
maize,1,M01_0317_a,0.0035554073790253363,0.18701470341424706,52.60007742502758
maize,1,M01_0319_a,0.0030470733922999538,0.3295944525515435,108.16754640188144
maize,1,M01_0321_a,0.0013856626516829747,0.012692795862566933,9.160090911846929
maize,1,M01_0324_a,0.0029540662458412133,0.10430246756620978,35.30810038977584
maize,1,M01_0325_a,0.0023857279630897558,0.13949434171710542,58.47034694452184
maize,1,M02_0313_a,0.0009358689852787056,0.2801966134834376,299.39726381678724
maize,1,M02_0315_a,0.0022591265312069606,0.01648878903219491,7.2987452470781315
maize,1,M02_0317_a,0.004044654846448189,0.01304081750130869,3.2242102222295865
maize,1,M02_0319_a,0.0045741103765373796,0.19020356756897233,41.58263616562686
maize,1,M02_0321_a,0.003172366150444775,0.24841196710001318,78.30494820567452
maize,1,M02_0324_a,0.00366588152017379,0.005126422050341292,1.3984145483507775
maize,1,M02_0325_a,0.003189612378064462,0.007030750379254093,2.204264827790934
maize,1,M03_0313_a,0.0,0.0,
maize,1,M03_0315_a,0.001221895642228956,0.24363819527701014,199.3936199269608
maize,1,M03_0317_a,0.0013969112407981835,0.1601959633270259,114.67869872354328
maize,1,M03_0319_a,0.0070801036006360564,0.23320298487162328,32.93779272533145
maize,1,M03_0321_a,0.002950459722794017,0.0686981796567192,23.28389000737269
maize,1,M03_0324_a,0.002904925924388928,0.10263638869036713,35.331843689596816
maize,1,M03_0325_a,0.002242939837103662,0.03646896891635464,16.25945034863151
maize,1,M04_0313_a,0.0,0.0,
maize,1,M04_0315_a,0.0012541692339221274,0.039471096159263024,31.471905937148687
maize,1,M04_0317_a,0.0012309394557587913,0.10938958554965288,88.86674729442446
maize,1,M04_0319_a,0.003254881786808994,0.18395575514377083,56.516877475945606
maize,1,M04_0321_a,0.0019246942455826172,0.318479006977105,165.469922148959
maize,1,M04_0324_a,0.002884429135681862,0.009135534182097385,3.167189676836279
maize,1,M04_0325_a,0.00201616146704255,0.01748573307946476,8.672784082672747
maize,1,M05_0313_a,0.0,0.0,
maize,1,M05_0315_a,0.002191294351900319,0.331617546991557,151.33409471163648
maize,1,M05_0317_a,0.0014398175498371963,0.1781716091110772,123.74596290427458
maize,1,M05_0319_a,0.006075568002715744,0.6151535074595523,101.2503698723448
maize,1,M05_0321_a,0.004228727723666456,0.05182455318040924,12.255353516938076
maize,1,M05_0324_a,0.004056473476904189,0.3475247706843172,85.67164870249327
maize,1,M05_0325_a,0.003106728352819841,0.3934589470312035,126.64736093649066
maize,1,M06_0313_a,0.0,0.0,
maize,1,M06_0315_a,0.0034075600285284097,0.3617683463639872,106.16638983179428
maize,1,M06_0317_a,0.0008928465137319794,0.0034586266716859593,3.8737079873105635
maize,1,M06_0319_a,0.004805431347588782,0.3445332150260505,71.69662619338567
maize,1,M06_0321_a,0.002328407438751817,0.3570862406925601,153.3607197561533
maize,1,M06_0324_a,0.001968498609330611,0.10018132648846294,50.892251593984945
maize,1,M06_0325_a,0.0010717003670272717,0.07404488166396352,69.09102949115561
maize,2,M01_0313_a,0.009080742879791631,0.524935775765579,57.80758058173588
maize,2,M01_0315_a,0.0023871409396591927,0.15265419060742066,63.94854533776074
maize,2,M01_0317_a,0.007394451175971517,0.20829419987842276,28.168987112293173
maize,2,M01_0319_a,0.007054851967761197,0.38982448700835975,55.256224905888075
maize,2,M01_0321_a,0.00401976699342595,0.024286561520308166,6.0417834068559575
maize,2,M01_0324_a,0.007367052610865991,0.119003498496743,16.15347477242384
maize,2,M01_0325_a,0.00594194704948166,0.21291821805866512,35.83307227169566
maize,2,M02_0313_a,0.0020278124770584925,0.3298147411074483,162.64558229066205
maize,2,M02_0315_a,0.004563352332846492,0.022610582326669498,4.954818448692005
maize,2,M02_0317_a,0.00819724452811006,0.01616335654430904,1.9718036333894298
maize,2,M02_0319_a,0.011418080037672257,0.21505262830017138,18.834394888688575
maize,2,M02_0321_a,0.007860656776009353,0.25507580148751163,32.44968057452915
maize,2,M02_0324_a,0.010154781664185115,0.008051623817799908,0.7928898999569011
maize,2,M02_0325_a,0.006960567945980538,0.011382519941200374,1.6352860900917352
maize,2,M03_0313_a,0.0,0.0,
maize,2,M03_0315_a,0.004101081999203191,0.34142760797103605,83.25305566613221
maize,2,M03_0317_a,0.0031393112360121925,0.1609327550256916,51.26371453061832
maize,2,M03_0319_a,0.014322180534854637,0.3609433336886168,25.201702548729966
maize,2,M03_0321_a,0.007067380266227529,0.10071980546262586,14.25136354186708
maize,2,M03_0324_a,0.007327527433764725,0.1705178003310099,23.270851166694513
maize,2,M03_0325_a,0.0053741820255181596,0.05858843387267318,10.901832798829378
maize,2,M04_0313_a,0.0,0.0,
maize,2,M04_0315_a,0.003077390399470477,0.06937209520968782,22.54250719103582
maize,2,M04_0317_a,0.0030953286539192972,0.11045771082613125,35.6852932842107
maize,2,M04_0319_a,0.008082009731421345,0.18834759649851615,23.30454958081229
maize,2,M04_0321_a,0.004437257059652969,0.3420933791189194,77.09568648377427
maize,2,M04_0324_a,0.006567515292387072,0.012390748768746782,1.886672237080267
maize,2,M04_0325_a,0.005155146487544844,0.025891088543665966,5.02237688225164
maize,2,M05_0313_a,0.0,0.0,
maize,2,M05_0315_a,0.004867034106187969,0.4376026333834982,89.9115608882067
maize,2,M05_0317_a,0.0033948369901218626,0.20417934963118659,60.14408062163164
maize,2,M05_0319_a,0.01466228995417182,0.704168611504393,48.02582773259356
maize,2,M05_0321_a,0.01021512475961064,0.07119487074203144,6.969554696338834
maize,2,M05_0324_a,0.009736218391392569,0.3633242126996854,37.316769005601486
maize,2,M05_0325_a,0.007525554717216558,0.4121942336033993,54.77260469057564
maize,2,M06_0313_a,0.0,0.0,
maize,2,M06_0315_a,0.006565466681999396,0.46981207712817435,71.55806279792154
maize,2,M06_0317_a,0.0025029463934953156,0.005769277094129018,2.3049942696025285
maize,2,M06_0319_a,0.009967785074517121,0.4776563577645274,47.92000973071412
maize,2,M06_0321_a,0.005630058806935313,0.4578630741770304,81.32474098015066
maize,2,M06_0324_a,0.00446746338836168,0.13925655746504795,31.171281185611793
maize,2,M06_0325_a,0.002649146974674155,0.10857592795095365,40.98524128292598
maize,5,M01_0313_a,0.017505829485615455,0.5566831166218924,31.79987084184266
maize,5,M01_0315_a,0.008337706300991812,0.15265419060742066,18.30889516811856
maize,5,M01_0317_a,0.019272348186095346,0.2169282508046638,11.255932526228104
maize,5,M01_0319_a,0.01947780387674164,0.4074624431876024,20.919321591185724
maize,5,M01_0321_a,0.017002843074825785,0.036693403849851855,2.158074604839451
maize,5,M01_0324_a,0.02686899440719844,0.12765089437250193,4.750862367156664
maize,5,M01_0325_a,0.021647693535877543,0.3354449647542445,15.495644568244597
maize,5,M02_0313_a,0.006695596328896386,0.3658522106829499,54.64072096222864
maize,5,M02_0315_a,0.012895616003996491,0.033941403487495726,2.632011024287395
maize,5,M02_0317_a,0.023375435656330844,0.02381727654261052,1.0189019316164065
maize,5,M02_0319_a,0.03282036629920343,0.2208282482895625,6.728390727769608
maize,5,M02_0321_a,0.0298900158722138,0.26081545825911184,8.72583873404931
maize,5,M02_0324_a,0.03853447118553052,0.012307051953257885,0.3193777305001428
maize,5,M02_0325_a,0.023280641630631763,0.02823635134878593,1.2128682618280433
maize,5,M03_0313_a,0.0,0.0,
maize,5,M03_0315_a,0.011093478351829536,0.41054039893470545,37.00736467989764
maize,5,M03_0317_a,0.008596837057931435,0.1609327550256916,18.719995963773115
maize,5,M03_0319_a,0.038256855443472085,0.6205329147045129,16.220175639406786
maize,5,M03_0321_a,0.02240183717579251,0.1722656481716863,7.6898000293403195
maize,5,M03_0324_a,0.02831244129805302,0.25087673318433357,8.86100674058036
maize,5,M03_0325_a,0.022064071049084134,0.092375335444136,4.186685912977534
maize,5,M04_0313_a,0.0,0.0,
maize,5,M04_0315_a,0.010331807681670493,0.17863604459365343,17.289911900951175
maize,5,M04_0317_a,0.008525293039659763,0.1105569171753376,12.968107566628563
maize,5,M04_0319_a,0.023632992519237773,0.20335302727966412,8.60462453555682
maize,5,M04_0321_a,0.014632906413834365,0.3476532455101223,23.758318113853377
maize,5,M04_0324_a,0.022685228073425916,0.018831520441314042,0.8301225969763905
maize,5,M04_0325_a,0.01585864063116595,0.029968415332261134,1.8897215738255753
maize,5,M05_0313_a,0.0,0.0,
maize,5,M05_0315_a,0.014379406964929028,0.5740366076427029,39.920742840282784
maize,5,M05_0317_a,0.009902867270254304,0.22868466293276227,23.09277269823386
maize,5,M05_0319_a,0.036110909046822334,0.7533738496271495,20.86277719152142
maize,5,M05_0321_a,0.02952368375916591,0.11306626780678967,3.829680223142452
maize,5,M05_0324_a,0.03394291268095555,0.36346260732206576,10.708055927268576
maize,5,M05_0325_a,0.027017911210152085,0.4121942336033993,15.25633237881527
maize,5,M06_0313_a,0.0,0.0,
maize,5,M06_0315_a,0.015876524658186397,0.5596576565742453,35.25064008801633
maize,5,M06_0317_a,0.007733538886441828,0.006660209919221674,0.8612111501628475
maize,5,M06_0319_a,0.026498039990625045,0.5090213964675089,19.20977538895706
maize,5,M06_0321_a,0.017927435279821193,0.5081678085490515,28.345817492423823
maize,5,M06_0324_a,0.015895942024017125,0.15601544712638268,9.814797191047846
maize,5,M06_0325_a,0.012737580317319641,0.12031532354593165,9.445696949391209
maize,10,M01_0313_a,0.0359645804057219,0.5569615819684269,15.486391768936508
maize,10,M01_0315_a,0.02428860203586935,0.15467054706540148,6.36803002647021
maize,10,M01_0317_a,0.04310651542708429,0.24404286956137228,5.661391721030587
maize,10,M01_0319_a,0.04223269278576623,0.4074624431876024,9.648033698787264
maize,10,M01_0321_a,0.04260845388747881,0.07694915056991278,1.8059596992916362
maize,10,M01_0324_a,0.05798466487238154,0.14571523512504986,2.512996073112685
maize,10,M01_0325_a,0.049529246652594255,0.4138380841116439,8.35542860189996
maize,10,M02_0313_a,0.017716190649056066,0.4035647660055681,22.779432328307575
maize,10,M02_0315_a,0.028956506957429757,0.05435570043113099,1.8771497719335317
maize,10,M02_0317_a,0.04886894738002695,0.03520181079930389,0.7203308580714609
maize,10,M02_0319_a,0.06709047955407053,0.24012622938725103,3.5791401549563377
maize,10,M02_0321_a,0.06636980389198034,0.26381735741980533,3.974960628920634
maize,10,M02_0324_a,0.08693234518782494,0.015268786433411997,0.17563987719901547
maize,10,M02_0325_a,0.06475816242920113,0.06360730269870642,0.9822283448553235
maize,10,M03_0313_a,0.0,0.0,
maize,10,M03_0315_a,0.024803571937514136,0.4344940980614149,17.517400282346625
maize,10,M03_0317_a,0.021287192387880672,0.1609327550256916,7.560074249966126
maize,10,M03_0319_a,0.07828607294095294,0.7084321294681134,9.049274064397718
maize,10,M03_0321_a,0.04919827260875532,0.2563227872206778,5.209995669137835
maize,10,M03_0324_a,0.06379488343455406,0.2638378051687293,4.135720467918017
maize,10,M03_0325_a,0.05385321204843844,0.10031500368709985,1.86274875483511
maize,10,M04_0313_a,0.0,0.0,
maize,10,M04_0315_a,0.022108795035850934,0.31077931252955343,14.056818204049717
maize,10,M04_0317_a,0.02102140313267176,0.1105569171753376,5.259254887867522
maize,10,M04_0319_a,0.047051636550704136,0.20335302727966412,4.321911886327808
maize,10,M04_0321_a,0.033692609592508756,0.3476532455101223,10.318382865404994
maize,10,M04_0324_a,0.049996771685152284,0.03358703481128319,0.6717840708354705
maize,10,M04_0325_a,0.03777996065149317,0.03174921681872767,0.8403718868741821
maize,10,M05_0313_a,0.0,0.0,
maize,10,M05_0315_a,0.02913703030862867,0.599033390947662,20.559177946500046
maize,10,M05_0317_a,0.019890914586395924,0.2504875211225754,12.593062025106294
maize,10,M05_0319_a,0.07376003249193763,0.7591165883609591,10.291706263062379
maize,10,M05_0321_a,0.05837496034619103,0.189773854643185,3.250946185106364
maize,10,M05_0324_a,0.0704400907122274,0.36346260732206576,5.159882726541887
maize,10,M05_0325_a,0.06341254662042155,0.41221476917100247,6.500523810192662
maize,10,M06_0313_a,0.0,0.0,
maize,10,M06_0315_a,0.03261283409013857,0.58997715951854,18.090337009286063
maize,10,M06_0317_a,0.018282520446185165,0.006660209919221674,0.36429385865182473
maize,10,M06_0319_a,0.05621297696242205,0.512383368824625,9.115037069948269
maize,10,M06_0321_a,0.041373174489508065,0.5081678085490515,12.282543334399422
maize,10,M06_0324_a,0.037563861180251144,0.15739091526911125,4.18995572669878
maize,10,M06_0325_a,0.03580683383586849,0.12205862668858893,3.4088081411520985
tomato,1,T01_0305_a,0.001907058050887829,0.6348765165269665,332.9088573005947
tomato,1,T01_0307_a,0.004039370726087685,0.4580611331420806,113.39913174687328
tomato,1,T01_0309_a,0.006137149636987094,0.8641129652208352,140.8003741693112
tomato,1,T01_0311_a,0.006757130296374388,0.768947551280125,113.7979463993335
tomato,1,T01_0313_a,0.00902775468121196,0.6064324915564857,67.17423246098588
tomato,1,T01_0315_a,0.007800722123522165,0.5688487933201983,72.92258130883823
tomato,1,T01_0317_a,0.013006829483289494,0.3245835973902904,24.954859122839945
tomato,1,T01_0319_a,0.01157839227714169,0.5422389202833495,46.831970044221876
tomato,1,T01_0321_a,0.011319874801574845,0.43316364672666585,38.26576303356316
tomato,1,T01_0324_a,0.006650734001668736,0.3690465037881174,55.48959012576957
tomato,1,T01_0325_a,0.00771235540786297,0.2688581067650773,34.86069981823824
tomato,1,T02_0305_a,0.0013086944866881336,0.590166806362485,450.9584264055387
tomato,1,T02_0307_a,0.001859755558872147,0.724110743577519,389.358020801754
tomato,1,T02_0309_a,0.005619036441940772,0.3728123222493254,66.34808763058295
tomato,1,T02_0311_a,0.0027115788271243556,0.7507920145276497,276.88371328812474
tomato,1,T02_0313_a,0.0010347925266100471,0.07739242781256787,74.79028483719671
tomato,1,T02_0315_a,0.0030741594153854937,0.6569370059124452,213.69646695113454
tomato,1,T02_0317_a,0.012213261358727086,0.38346800455688784,31.397674486256502
tomato,1,T02_0319_a,0.019015292244948242,0.3707747039527926,19.49876442479056
tomato,1,T02_0321_a,0.009080886455946062,0.24492930625614928,26.97196000020156
tomato,1,T02_0324_a,0.00918785830624302,0.4736757346582083,51.55453195619618
tomato,1,T02_0325_a,0.008465359486203528,0.2343797905846566,27.686927054502355
tomato,1,T03_0305_a,0.001206077206721238,0.3599752481749781,298.4678312208412
tomato,1,T03_0307_a,0.0014193537770144724,0.005509524680570491,3.881713473972256
tomato,1,T03_0309_a,0.0024018262833748766,0.4147770319268847,172.69235281415496
tomato,1,T03_0311_a,0.001807968216631045,0.1140848996123202,63.101164369418605
tomato,1,T03_0313_a,0.0022753517102983433,0.1957186901409997,86.01689543430503
tomato,1,T03_0315_a,0.003146297317826698,0.1706645700472308,54.2429887602349
tomato,1,T03_0317_a,0.006688846319636649,0.3901605993091939,58.330028926481326
tomato,1,T03_0319_a,0.00805239255334907,0.23548031299447936,29.243521280708148
tomato,1,T03_0321_a,0.009137165404489087,0.22914594836445393,25.07845028742443
tomato,1,T03_0324_a,0.006818307507689724,0.3557770887715681,52.179677782253265
tomato,1,T03_0325_a,0.00690318966238666,0.3083484775242084,44.66753669022071
tomato,1,T04_0305_a,0.0008707914275299138,0.4836542091358654,555.419120865485
tomato,1,T04_0307_a,0.0016585970213452014,0.0008092661934716878,0.48792213120902284
tomato,1,T04_0309_a,0.002875868080867252,0.2693981457143448,93.6754183916199
tomato,1,T04_0311_a,0.004070655882806646,0.4223311082229007,103.75013766373954
tomato,1,T04_0313_a,0.001193135132292475,0.007712226003549632,6.4638328005072285
tomato,1,T04_0315_a,0.004666701011358346,0.450282694907888,96.48843879475864
tomato,1,T04_0317_a,0.007151274561805626,0.44291265197644264,61.93478493218579
tomato,1,T04_0319_a,0.009255122657047029,0.3863097891791934,41.74010474999482
tomato,1,T04_0321_a,0.010693405791129798,0.5630356213204197,52.65260033313791
tomato,1,T04_0324_a,0.008134313982148767,0.32693844038932857,40.19250315476072
tomato,1,T04_0325_a,0.008442274061327462,0.37846901680226736,44.83022157927398
tomato,1,T05_0305_a,0.0013869192244756285,0.15599891333129062,112.47873025213221
tomato,1,T05_0307_a,0.0031380992050469244,0.23876333168765382,76.08533576747888
tomato,1,T05_0309_a,0.0022360173470637626,0.1357570339847888,60.713766001439495
tomato,1,T05_0311_a,0.004173362902107033,0.3451088818573888,82.69323563573909
tomato,1,T05_0313_a,0.0026338901551206575,0.6037170780485832,229.21118288660264
tomato,1,T05_0315_a,0.0058851286413548936,0.5942211213882395,100.96994604546757
tomato,1,T05_0317_a,0.011681009313946033,0.38011190761768154,32.541015712046686
tomato,1,T05_0319_a,0.008123723605796008,0.5601204103147768,68.94872813190608
tomato,1,T05_0321_a,0.009120247311202085,0.7150271304952937,78.39997163421769
tomato,1,T05_0324_a,0.006400284308071935,0.2910301933879024,45.47144773254211
tomato,1,T05_0325_a,0.00828173596567531,0.26938959472614843,32.528155430536216
tomato,1,T06_0305_a,0.002852307831178053,0.6999577309390438,245.4004870329683
tomato,1,T06_0307_a,0.0010790706885956353,0.5355700669532294,496.3252849081195
tomato,1,T06_0309_a,0.0015018408449596126,0.0794251926154399,52.88522607572029
tomato,1,T06_0311_a,0.004378065824999775,0.5738862404544512,131.08214069725204
tomato,1,T06_0313_a,0.003230604277973618,0.6449188418424536,199.6279291275427
tomato,1,T06_0315_a,0.006278174839110651,0.4358581210995274,69.42433625522762
tomato,1,T06_0317_a,0.008586092759307655,0.46519957007835383,54.1805898351214
tomato,1,T06_0319_a,0.012794665228043145,0.20110935362354052,15.718219276480342
tomato,1,T06_0321_a,0.006664559947125196,0.32816869394616405,49.240864595677
tomato,1,T06_0324_a,0.00866123598657191,0.5513786934961055,63.66050923343325
tomato,1,T06_0325_a,0.008608249539454868,0.3571019784013228,41.483692679282726
tomato,2,T01_0305_a,0.004675680398877266,0.6387703055203943,136.6154764713553
tomato,2,T01_0307_a,0.008728121159267658,0.7311869894738358,83.77369838610109
tomato,2,T01_0309_a,0.013649487300517382,0.9150027994526196,67.03569000851311
tomato,2,T01_0311_a,0.013729146566175025,0.8680740710382235,63.22855298062939
tomato,2,T01_0313_a,0.024379926497488942,0.8109878370072771,33.26457268404014
tomato,2,T01_0315_a,0.0197878577603672,0.8073849268493445,40.80203812999119
tomato,2,T01_0317_a,0.031079760284524395,0.5065011604719432,16.29681682983077
tomato,2,T01_0319_a,0.026873983483781772,0.661659668127148,24.620825882640517
tomato,2,T01_0321_a,0.026489571282088075,0.571958663053543,21.591842954449568
tomato,2,T01_0324_a,0.017790415100592993,0.5150108507029385,28.948782127392413
tomato,2,T01_0325_a,0.020434902865893605,0.3712834758633442,18.169084448305657
tomato,2,T02_0305_a,0.0028505434013015815,0.5923867861808503,207.81538913259894
tomato,2,T02_0307_a,0.004007478119582996,0.8506051816969649,212.25447932962783
tomato,2,T02_0309_a,0.010975297972918774,0.4399085932282226,40.08169931364817
tomato,2,T02_0311_a,0.006046792226521783,0.781445734474835,129.23310495891403
tomato,2,T02_0313_a,0.0017994450408796072,0.08960634895849168,49.79665781550637
tomato,2,T02_0315_a,0.007530005583849242,0.6959160852068751,92.41906628854474
tomato,2,T02_0317_a,0.028238681378681463,0.5894340943996521,20.873286769142133
tomato,2,T02_0319_a,0.04277873415095135,0.5623967540892779,13.146643192030284
tomato,2,T02_0321_a,0.02578338216378851,0.34581117410992745,13.412172689880935
tomato,2,T02_0324_a,0.023160480735028664,0.6810471993107338,29.40557266933997
tomato,2,T02_0325_a,0.021337764688994773,0.3407988283858725,15.971627457380476
tomato,2,T03_0305_a,0.0025464922513737526,0.38286779729380443,150.35105529469382
tomato,2,T03_0307_a,0.003084803676631191,0.007670091928108827,2.4864116916785686
tomato,2,T03_0309_a,0.006094934733251779,0.5788389368330518,94.9704897863982
tomato,2,T03_0311_a,0.005259239178482706,0.29519118879068423,56.12811640102041
tomato,2,T03_0313_a,0.006090834994078548,0.34748596839536816,57.05062913922159
tomato,2,T03_0315_a,0.00831316871485144,0.22674923774999436,27.275909527122653
tomato,2,T03_0317_a,0.017036253580338553,0.5410232840100421,31.757174865865704
tomato,2,T03_0319_a,0.020917836180823223,0.45940831078274846,21.962515951048452
tomato,2,T03_0321_a,0.022386476405570954,0.41637839145645916,18.599550188829266
tomato,2,T03_0324_a,0.016257640029166427,0.5298310449961675,32.58966516946146
tomato,2,T03_0325_a,0.016356247417996284,0.5010396607812003,30.6329225754999
tomato,2,T04_0305_a,0.0021949017616016827,0.6187200769994888,281.889644367496
tomato,2,T04_0307_a,0.004779271994058364,0.0011408112361562192,0.2386997931012268
tomato,2,T04_0309_a,0.009204692783042126,0.5864495277418372,63.7120153344235
tomato,2,T04_0311_a,0.009541130148663307,0.565789902908093,59.300092765987365
tomato,2,T04_0313_a,0.002815887952145487,0.013788581726416796,4.896708235819885
tomato,2,T04_0315_a,0.01243974014991922,0.6242283149649649,50.18017317419757
tomato,2,T04_0317_a,0.017969869411716705,0.5742559041598844,31.95659862644624
tomato,2,T04_0319_a,0.02458942062132012,0.6270853717361126,25.50224266741778
tomato,2,T04_0321_a,0.026195536231413057,0.7658025855133075,29.23408701193051
tomato,2,T04_0324_a,0.023249576440718994,0.4924529368333436,21.18115734662883
tomato,2,T04_0325_a,0.021247236108160105,0.5377989169112022,25.31147647503469
tomato,2,T05_0305_a,0.00340804284226707,0.15599891333129062,45.77375360326114
tomato,2,T05_0307_a,0.006968611795310101,0.41287590731396157,59.247941977744894
tomato,2,T05_0309_a,0.005400809127268015,0.21517538461891242,39.84132368843005
tomato,2,T05_0311_a,0.007948429811461304,0.618035741853379,77.75570225985983
tomato,2,T05_0313_a,0.006854941858016429,0.6897952001567944,100.62743265285637
tomato,2,T05_0315_a,0.01300514857485513,0.7419062046011696,57.04711486615477
tomato,2,T05_0317_a,0.030969397034470214,0.5535408685767216,17.873801932940697
tomato,2,T05_0319_a,0.019146034563369906,0.7585480465597533,39.619068065979754
tomato,2,T05_0321_a,0.022016129553817997,0.8495543611778579,38.587816223607284
tomato,2,T05_0324_a,0.015285943152827967,0.4303359408111242,28.152397042737277
tomato,2,T05_0325_a,0.02042724465499584,0.3761851224424422,18.415852396933012
tomato,2,T06_0305_a,0.005761813751403698,0.794325215274663,137.8602727450447
tomato,2,T06_0307_a,0.002456305646408486,0.5660796903910134,230.4597928269688
tomato,2,T06_0309_a,0.0036065227097678786,0.0926970358516608,25.70260700164201
tomato,2,T06_0311_a,0.00990595711933603,0.676391960141641,68.28133334247441
tomato,2,T06_0313_a,0.007721567304723283,0.8313906850170953,107.67123463503758
tomato,2,T06_0315_a,0.015051556283376557,0.6981185165831976,46.3818161683535
tomato,2,T06_0317_a,0.024833169904915724,0.5632242333035675,22.68031972801335
tomato,2,T06_0319_a,0.032574811667310896,0.32110493042717575,9.857460841420837
tomato,2,T06_0321_a,0.01669478839299188,0.38755608479644144,23.21419569229936
tomato,2,T06_0324_a,0.02078785212567133,0.6983016979181841,33.591815724715374
tomato,2,T06_0325_a,0.022069423621552575,0.49179150352691176,22.283839938920636
tomato,5,T01_0305_a,0.015232517912742032,0.6387703055203943,41.934649883855485
tomato,5,T01_0307_a,0.022498821438271983,0.9329455622275871,41.466419242769085
tomato,5,T01_0309_a,0.03937583452562212,0.9150027994526196,23.237673829039004
tomato,5,T01_0311_a,0.0442025735359511,0.9221481201706458,20.861864964053257
tomato,5,T01_0313_a,0.07100392456846376,0.9190737226481136,12.943984832302048
tomato,5,T01_0315_a,0.07987035569750865,0.9073911723606466,11.360800442622171
tomato,5,T01_0317_a,0.11211493610239939,0.8271977729040684,7.378122859103742
tomato,5,T01_0319_a,0.10207680219139496,0.8912287698060611,8.730962869849693
tomato,5,T01_0321_a,0.09649067738087765,0.7305252161450495,7.57094090304131
tomato,5,T01_0324_a,0.07776568071225765,0.6138077288350318,7.893041290362956
tomato,5,T01_0325_a,0.07783113703700384,0.4503369824461654,5.78607739254867
tomato,5,T02_0305_a,0.009161520035144408,0.5923867861808503,64.66031661868355
tomato,5,T02_0307_a,0.010154032271101008,0.8510206941623387,83.81110788709971
tomato,5,T02_0309_a,0.02781462553784887,0.9428314702058811,33.89696794310314
tomato,5,T02_0311_a,0.022915982465409164,0.7823405402365111,34.13951557247984
tomato,5,T02_0313_a,0.005738521770410571,0.1985015407175093,34.59105823054274
tomato,5,T02_0315_a,0.026962081778818724,0.6959160852068751,25.810918122560672
tomato,5,T02_0317_a,0.09596078641075904,0.8920640089777454,9.296130662782145
tomato,5,T02_0319_a,0.1381411347448753,0.8492914760518471,6.147998404822382
tomato,5,T02_0321_a,0.10178190766816633,0.47974452157652914,4.713455785684549
tomato,5,T02_0324_a,0.08965680504818885,0.8333407666695937,9.29478544569694
tomato,5,T02_0325_a,0.08296521131130158,0.5950853026544187,7.172708816729739
tomato,5,T03_0305_a,0.009756285479758943,0.38286779729380443,39.24319333296757
tomato,5,T03_0307_a,0.012323880449645294,0.016429469711151095,1.3331409516897714
tomato,5,T03_0309_a,0.0217047328911331,0.7830485242765096,36.07731678634956
tomato,5,T03_0311_a,0.01795440232928318,0.5826757335815737,32.453084368686795
tomato,5,T03_0313_a,0.022749363316899723,0.7109586661802272,31.251804996761397
tomato,5,T03_0315_a,0.03477317227486857,0.39983598534387627,11.498404062284752
tomato,5,T03_0317_a,0.07741353513599877,0.8179483234656959,10.565960100242656
tomato,5,T03_0319_a,0.08718907942190861,0.7817054996584618,8.965635430967026
tomato,5,T03_0321_a,0.08198336926393594,0.603593519668494,7.362389775971449
tomato,5,T03_0324_a,0.06709033352382276,0.7558915173411292,11.266772389389354
tomato,5,T03_0325_a,0.061383257015754776,0.7771191200309616,12.660115442090412
tomato,5,T04_0305_a,0.009349288835284755,0.6947284683931723,74.30816189689497
tomato,5,T04_0307_a,0.012110599855766369,0.0017260841996797882,0.1425267303219441
tomato,5,T04_0309_a,0.028876187525051777,0.7963191320079918,27.57701761415486
tomato,5,T04_0311_a,0.03489361829588586,0.721448921468594,20.67566955513056
tomato,5,T04_0313_a,0.00969811844704336,0.028862518472827836,2.976094654899485
tomato,5,T04_0315_a,0.045665444645407303,0.752737884802107,16.48375244448237
tomato,5,T04_0317_a,0.07203164263787852,0.6553726317815424,9.098399089359493
tomato,5,T04_0319_a,0.09225450253715718,0.8426829001789357,9.134328157474263
tomato,5,T04_0321_a,0.09909652153828119,0.8649624467811964,8.728484444805256
tomato,5,T04_0324_a,0.0927570128080375,0.7589812959361018,8.18246807394314
tomato,5,T04_0325_a,0.07907941096123897,0.7930807340654975,10.028915547363253
tomato,5,T05_0305_a,0.013056478405315616,0.15599891333129062,11.948008374737524
tomato,5,T05_0307_a,0.018369991573232932,0.8359759672679982,45.507694651646204
tomato,5,T05_0309_a,0.019983561828648928,0.6211122588685697,31.081158814147326
tomato,5,T05_0311_a,0.026266070468180646,0.8943623871892993,34.05010232774452
tomato,5,T05_0313_a,0.033850431747841705,0.7046338033424737,20.81609500851938
tomato,5,T05_0315_a,0.05124935768311393,0.7812174856681562,15.243459059498775
tomato,5,T05_0317_a,0.100550795945131,0.8078801531305198,8.034547569085056
tomato,5,T05_0319_a,0.072633330644056,0.8737134997398722,12.02909865198882
tomato,5,T05_0321_a,0.07635000398819494,0.8896910455529117,11.652796320619363
tomato,5,T05_0324_a,0.06250960674499237,0.6702342021500862,10.722099162842335
tomato,5,T05_0325_a,0.07805327742670647,0.4704678823474188,6.027522454636158
tomato,5,T06_0305_a,0.01767286893549441,0.794325215274663,44.946025355245546
tomato,5,T06_0307_a,0.008875028760656005,0.5661584925974752,63.7922994804613
tomato,5,T06_0309_a,0.016502710279015672,0.5114065369768396,30.989245301550742
tomato,5,T06_0311_a,0.03304042549562394,0.8858654096427422,26.811561786941002
tomato,5,T06_0313_a,0.0233238829801781,0.9328520863138666,39.995573940525034
tomato,5,T06_0315_a,0.04890529480793269,0.9273961423563432,18.963102993214445
tomato,5,T06_0317_a,0.09069112472768093,0.7743615705363958,8.53844930098263
tomato,5,T06_0319_a,0.12374145933154061,0.7095672924339457,5.734272864301699
tomato,5,T06_0321_a,0.07410307116593255,0.4236253096069665,5.716703814587917
tomato,5,T06_0324_a,0.07934383054860891,0.8297431912221062,10.457564066229136
tomato,5,T06_0325_a,0.09933077767107172,0.7835073672872667,7.887860999959219
tomato,10,T01_0305_a,0.03828789698320026,0.6387703055203943,16.683347894523173
tomato,10,T01_0307_a,0.041464559374014616,0.9374351442742439,22.60810577578992
tomato,10,T01_0309_a,0.07318479772109075,0.9150027994526196,12.502634808662314
tomato,10,T01_0311_a,0.1064098995612384,0.9221481201706458,8.665999347550873
tomato,10,T01_0313_a,0.1545132537333289,0.9408102160479819,6.088864180361551
tomato,10,T01_0315_a,0.18399344806599835,0.9221250942130353,5.01172788436613
tomato,10,T01_0317_a,0.27820380712576087,0.9405436828440011,3.380772148883039
tomato,10,T01_0319_a,0.24906847947747632,0.8983596892575804,3.60687828159653
tomato,10,T01_0321_a,0.22941146576026356,0.8628467207267272,3.7611316324895787
tomato,10,T01_0324_a,0.20877133102310824,0.7381864746020244,3.5358613224548385
tomato,10,T01_0325_a,0.20156186237428447,0.5107137606668335,2.533781711733137
tomato,10,T02_0305_a,0.02356045253035124,0.5923867861808503,25.143268594596
tomato,10,T02_0307_a,0.02438133146768811,0.8510206941623387,34.90460294550248
tomato,10,T02_0309_a,0.06038290848755059,0.9712529671057792,16.084898714443785
tomato,10,T02_0311_a,0.05612675453000728,0.8435312874602229,15.029040865158919
tomato,10,T02_0313_a,0.014019652685897771,0.3748373235499935,26.736562734327833
tomato,10,T02_0315_a,0.08554522566848223,0.7078381387872771,8.274431837147736
tomato,10,T02_0317_a,0.2203512842992256,0.9523611330087803,4.322013080330058
tomato,10,T02_0319_a,0.3061658513180119,0.8499018134824166,2.775952346820125
tomato,10,T02_0321_a,0.25688689784383195,0.5882610471724461,2.2899612713220776
tomato,10,T02_0324_a,0.24331579382817967,0.9410824307385915,3.867740831502077
tomato,10,T02_0325_a,0.22093775033455115,0.7701771616463102,3.4859464282590134
tomato,10,T03_0305_a,0.03402698412541622,0.38286779729380443,11.251887498540428
tomato,10,T03_0307_a,0.03238557652317792,0.016429469711151095,0.5073082364117479
tomato,10,T03_0309_a,0.04668969556831131,0.7862330238599875,16.8395405943407
tomato,10,T03_0311_a,0.04506680264487104,0.7206419672229737,15.990527948070184
tomato,10,T03_0313_a,0.06087973496998659,0.8829326973144477,14.502899819615331
tomato,10,T03_0315_a,0.10561883495795832,0.6982049545475263,6.6106102649726015
tomato,10,T03_0317_a,0.21985733567889543,0.9010210966023746,4.098208021215758
tomato,10,T03_0319_a,0.22830975395292108,0.9029035540838861,3.954730529253124
tomato,10,T03_0321_a,0.23350416821313033,0.8941839913457806,3.829413402717576
tomato,10,T03_0324_a,0.20243081691093068,0.8490130773491916,4.194090061508552
tomato,10,T03_0325_a,0.17905702872960713,0.8173254963313331,4.564609957677624
tomato,10,T04_0305_a,0.023090035642336897,0.7441825632984694,32.22959785882566
tomato,10,T04_0307_a,0.025280667817863613,0.0017260841996797882,0.06827684348038136
tomato,10,T04_0309_a,0.0564040942821667,0.8137552597990508,14.427237422307764
tomato,10,T04_0311_a,0.07580036513094343,0.7571733421907645,9.989046106608649
tomato,10,T04_0313_a,0.02406972049529577,0.05451494465246173,2.2648765141712484
tomato,10,T04_0315_a,0.1458957861383896,0.8563988495852844,5.869935467313267
tomato,10,T04_0317_a,0.19763208233230048,0.7734932326204383,3.9138039911955156
tomato,10,T04_0319_a,0.22379460028938927,0.892280415492617,3.9870506899576994
tomato,10,T04_0321_a,0.27346473079614975,0.940461798590753,3.4390606637014787
tomato,10,T04_0324_a,0.2369941368528681,0.8055795818902087,3.3991540575129617
tomato,10,T04_0325_a,0.20824772175927117,0.8879570186010449,4.263945896260511
tomato,10,T05_0305_a,0.03149650419001339,0.15599891333129062,4.952896117936583
tomato,10,T05_0307_a,0.03951714985340311,0.9022577003428586,22.832054024391102
tomato,10,T05_0309_a,0.04597078407947128,0.693268063530931,15.080622995954442
tomato,10,T05_0311_a,0.06560714102579901,0.8943623871892993,13.632089025760243
tomato,10,T05_0313_a,0.1111695828912852,0.7062260714090596,6.35269156401973
tomato,10,T05_0315_a,0.14565921563867062,0.7812174856681562,5.3633234412444075
tomato,10,T05_0317_a,0.2367331310365953,0.9540951136211456,4.03025596562425
tomato,10,T05_0319_a,0.19478079311648686,0.911868409909066,4.68151091963021
tomato,10,T05_0321_a,0.20147110498869292,0.9128429952811613,4.530887917313962
tomato,10,T05_0324_a,0.17924793500115024,0.8507497868952866,4.746218063208524
tomato,10,T05_0325_a,0.20890226039929727,0.5418486907746893,2.5937904632482
tomato,10,T06_0305_a,0.04088456844712104,0.794325215274663,19.428484766863104
tomato,10,T06_0307_a,0.02533704576366459,0.5661584925974752,22.345087027051633
tomato,10,T06_0309_a,0.03759112144966478,0.9262299392608919,24.639593168326495
tomato,10,T06_0311_a,0.07485755107241794,0.8858654096427422,11.834015365874675
tomato,10,T06_0313_a,0.05181612506536124,0.9328520863138666,18.00312325819733
tomato,10,T06_0315_a,0.13167564793707487,0.9451128888181511,7.177582974718313
tomato,10,T06_0317_a,0.2393357411293865,0.9276185830592149,3.8758046695488666
tomato,10,T06_0319_a,0.3051225935267503,0.9823197517937282,3.21942646212991
tomato,10,T06_0321_a,0.23409772900190393,0.4459738296154583,1.9050754209231613
tomato,10,T06_0324_a,0.2209384309684582,0.9388584024412897,4.249411921348006
tomato,10,T06_0325_a,0.2386708058693298,0.9726997445077173,4.075486907436271
